1,fichier/00001.jpg,photo1
2,fichier/00002.jpg,photo2
3,fichier/00003.jpg,photo3
4,fichier/00004.jpg,photo4
5,fichier/00005.jpg,photo5
6,fichier/00006.jpg,photo6
7,fichier/00007.jpg,photo7
8,fichier/00008.jpg,photo8
9,fichier/00009.jpg,photo9
10,fichier/00010.jpg,photo10
11,fichier/00011.jpg,photo11
12,fichier/00012.jpg,photo12
13,fichier/00013.jpg,photo13
14,fichier/00014.jpg,photo14
15,fichier/00015.jpg,photo15
16,fichier/00016.jpg,photo16
17,fichier/00017.jpg,photo17
18,fichier/00018.jpg,photo18
19,fichier/00019.jpg,photo19
20,fichier/00020.jpg,photo20
21,fichier/00021.jpg,photo21
22,fichier/00022.jpg,photo22
23,fichier/00023.jpg,photo23
24,fichier/00024.jpg,photo24
25,fichier/00025.jpg,photo25
26,fichier/00026.jpg,photo26
27,fichier/00027.jpg,photo27
28,fichier/00028.jpg,photo28
29,fichier/00029.jpg,photo29
30,fichier/00030.jpg,photo30
31,fichier/00031.jpg,photo31
32,fichier/00032.jpg,photo32
33,fichier/00033.jpg,photo33
34,fichier/00034.jpg,photo34
35,fichier/00035.jpg,photo35
36,fichier/00036.jpg,photo36
37,fichier/00037.jpg,photo37
38,fichier/00038.jpg,photo38
39,fichier/00039.jpg,photo39
40,fichier/00040.jpg,photo40
41,fichier/00041.jpg,photo41
42,fichier/00042.jpg,photo42